face_1801.jpg,5,4
face_1802.jpg,5,8
face_1803.jpg,1,2
face_1804.jpg,1,4
face_1805.jpg,1,4
face_1806.jpg,1,4
face_1807.jpg,1,4
face_1808.jpg,1,4
face_1809.jpg,1,4
face_1810.jpg,1,4
face_1811.jpg,1,4
face_1812.jpg,1,4
face_1813.jpg,1,4
face_1814.jpg,1,4
face_1815.jpg,1,4
face_1816.jpg,1,4
face_1817.jpg,1,4
face_1818.jpg,1,4
face_1819.jpg,1,4
face_1820.jpg,1,4
face_1821.jpg,1,4
face_1822.jpg,1,4
face_1823.jpg,1,4
face_1824.jpg,1,4
face_1825.jpg,1,4
face_1826.jpg,1,4
face_1827.jpg,1,4
face_1828.jpg,1,4
face_1829.jpg,1,4
face_1830.jpg,1,4
face_1831.jpg,1,4
face_1832.jpg,1,4
face_1833.jpg,1,4
face_1834.jpg,1,4
face_1835.jpg,1,4
face_1836.jpg,1,4
face_1837.jpg,1,4
face_1838.jpg,1,4
face_1839.jpg,1,4
face_1840.jpg,1,4
face_1841.jpg,1,4
face_1842.jpg,1,4
face_1843.jpg,1,4
face_1844.jpg,1,4
face_1845.jpg,1,4
face_1846.jpg,1,4
face_1847.jpg,1,4
face_1848.jpg,1,4
face_1849.jpg,1,4
face_1850.jpg,1,4
face_1851.jpg,1,4
face_1852.jpg,1,4
face_1853.jpg,1,4
face_1854.jpg,1,4
face_1855.jpg,1,4
face_1856.jpg,1,4
face_1857.jpg,1,4
face_1858.jpg,1,4
face_1859.jpg,1,4
face_1860.jpg,1,4
face_1861.jpg,1,4
face_1862.jpg,1,4
face_1863.jpg,1,4
face_1864.jpg,1,4
face_1865.jpg,1,4
face_1866.jpg,1,4
face_1867.jpg,1,4
face_1868.jpg,1,4
face_1869.jpg,1,4
face_1870.jpg,1,4
face_1871.jpg,1,4
face_1872.jpg,1,4
face_1873.jpg,1,4
face_1874.jpg,1,4
face_1875.jpg,1,4
face_1876.jpg,1,4
face_1877.jpg,1,4
face_1878.jpg,1,4
face_1879.jpg,1,4
face_1880.jpg,1,4
face_1881.jpg,1,4
face_1882.jpg,1,4
face_1883.jpg,1,4
face_1884.jpg,1,4
face_1885.jpg,1,4
face_1886.jpg,1,4
face_1887.jpg,1,4
face_1888.jpg,1,4
face_1889.jpg,1,4
face_1890.jpg,1,4
face_1891.jpg,1,4
face_1892.jpg,1,4
face_1893.jpg,1,4
face_1894.jpg,1,4
face_1895.jpg,1,4
face_1896.jpg,1,4
face_1897.jpg,1,4
face_1898.jpg,1,4
face_1899.jpg,1,4
face_1900.jpg,1,4
face_1901.jpg,1,4
face_1902.jpg,1,4
face_1903.jpg,1,4
face_1904.jpg,1,4
face_1905.jpg,1,4
face_1906.jpg,1,4
face_1907.jpg,1,4
face_1908.jpg,1,4